{"tag": null, "backend": "vllm", "dataset_name": "autobench", "request_rate": Infinity, "max_concurrency": 1, "sharegpt_output_len": null, "random_input_len": 1024, "random_output_len": 1024, "random_range_ratio": 0.0, "server_info": null, "duration": 273.78790038696025, "completed": 400, "total_input_tokens": 53888, "total_input_text_tokens": 53888, "total_input_vision_tokens": 0, "total_output_tokens": 51200, "total_output_tokens_retokenized": 47693, "request_throughput": 1.4609849428504944, "input_throughput": 196.82389150081863, "output_throughput": 187.00607268486328, "total_throughput": 383.82996418568194, "mean_e2e_latency_ms": 683.8937516504666, "median_e2e_latency_ms": 683.8074190309271, "std_e2e_latency_ms": 1.201609300279806, "p90_e2e_latency_ms": 684.76007549325, "p99_e2e_latency_ms": 686.7511441768147, "mean_ttft_ms": 14.8300941704656, "median_ttft_ms": 14.025759999640286, "std_ttft_ms": 2.233243542988849, "p99_ttft_ms": 19.84546813066117, "mean_tpot_ms": 5.2682177754330795, "median_tpot_ms": 5.274314272004789, "std_tpot_ms": 0.015680994231729837, "p99_tpot_ms": 5.282639349530283, "mean_itl_ms": 5.6388307683598375, "median_itl_ms": 5.304076476022601, "std_itl_ms": 1.4090287739240686, "p95_itl_ms": 10.329458850901574, "p99_itl_ms": 10.951231629587706, "concurrency": 0.9991584736708672, "accept_length": null, "max_output_tokens_per_s": 189.0, "max_concurrent_requests": 3}
