{"tag": null, "backend": "vllm", "dataset_name": "autobench", "request_rate": Infinity, "max_concurrency": 16, "sharegpt_output_len": null, "random_input_len": 1024, "random_output_len": 1024, "random_range_ratio": 0.0, "server_info": null, "duration": 117.3418422290124, "completed": 2000, "total_input_tokens": 1077675, "total_input_text_tokens": 1077675, "total_input_vision_tokens": 0, "total_output_tokens": 256000, "total_output_tokens_retokenized": 223312, "request_throughput": 17.044218515818617, "input_throughput": 9184.064094517415, "output_throughput": 2181.659970024783, "total_throughput": 11365.724064542197, "mean_e2e_latency_ms": 935.8024787594331, "median_e2e_latency_ms": 934.1854940284975, "std_e2e_latency_ms": 11.431319100076744, "p90_e2e_latency_ms": 945.3226213227026, "p99_e2e_latency_ms": 974.208061665995, "mean_ttft_ms": 136.4745455335942, "median_ttft_ms": 164.06842751894146, "std_ttft_ms": 60.77134228212814, "p99_ttft_ms": 233.66313113598153, "mean_tpot_ms": 6.293920734061723, "median_tpot_ms": 6.088154550869105, "std_tpot_ms": 0.4559020810359441, "p99_tpot_ms": 7.041353319311427, "mean_itl_ms": 7.1670851012519226, "median_itl_ms": 5.8995840372517705, "std_itl_ms": 6.523217954183421, "p95_itl_ms": 11.971414275467396, "p99_itl_ms": 18.855284273158738, "concurrency": 15.950021935620487, "accept_length": null, "max_output_tokens_per_s": 2153.0, "max_concurrent_requests": 48}
