{"tag": null, "backend": "vllm", "dataset_name": "autobench", "request_rate": Infinity, "max_concurrency": 16, "sharegpt_output_len": null, "random_input_len": 1024, "random_output_len": 1024, "random_range_ratio": 0.0, "server_info": null, "duration": 118.33655560994521, "completed": 2000, "total_input_tokens": 1077675, "total_input_text_tokens": 1077675, "total_input_vision_tokens": 0, "total_output_tokens": 256000, "total_output_tokens_retokenized": 223505, "request_throughput": 16.90094822932227, "input_throughput": 9106.86469151744, "output_throughput": 2163.3213733532507, "total_throughput": 11270.18606487069, "mean_e2e_latency_ms": 941.4995704571484, "median_e2e_latency_ms": 938.9939209795557, "std_e2e_latency_ms": 24.086818359954435, "p90_e2e_latency_ms": 963.8339985744096, "p99_e2e_latency_ms": 1049.116764741484, "mean_ttft_ms": 134.9855244071805, "median_ttft_ms": 153.72328547528014, "std_ttft_ms": 64.8552949557207, "p99_ttft_ms": 233.4889566351194, "mean_tpot_ms": 6.350504299606046, "median_tpot_ms": 6.2180952009502946, "std_tpot_ms": 0.4392919561024891, "p99_tpot_ms": 7.081041801170865, "mean_itl_ms": 7.23399262073083, "median_itl_ms": 5.909473984502256, "std_itl_ms": 6.403375330999931, "p95_itl_ms": 12.092606315854937, "p99_itl_ms": 20.00994267640634, "concurrency": 15.91223549822542, "accept_length": null, "max_output_tokens_per_s": 2117.0, "max_concurrent_requests": 48}
