{"tag": null, "backend": "vllm", "dataset_name": "autobench", "request_rate": Infinity, "max_concurrency": 1, "sharegpt_output_len": null, "random_input_len": 1024, "random_output_len": 1024, "random_range_ratio": 0.0, "server_info": null, "duration": 149.9243238880299, "completed": 200, "total_input_tokens": 431055, "total_input_text_tokens": 431055, "total_input_vision_tokens": 0, "total_output_tokens": 25600, "total_output_tokens_retokenized": 21738, "request_throughput": 1.3340063494257863, "input_throughput": 2875.1505347586617, "output_throughput": 170.75281272650065, "total_throughput": 3045.9033474851626, "mean_e2e_latency_ms": 749.0376589208608, "median_e2e_latency_ms": 748.1841765111312, "std_e2e_latency_ms": 4.585548539765384, "p90_e2e_latency_ms": 751.5528459916823, "p99_e2e_latency_ms": 766.1996083892882, "mean_ttft_ms": 65.96241690393072, "median_ttft_ms": 64.69431950245053, "std_ttft_ms": 5.0646124141297335, "p99_ttft_ms": 88.5765672440175, "mean_tpot_ms": 5.3785452127317335, "median_tpot_ms": 5.385752176997935, "std_tpot_ms": 0.01973022511481502, "p99_tpot_ms": 5.408559597929661, "mean_itl_ms": 6.234958435460334, "median_itl_ms": 5.482918932102621, "std_itl_ms": 2.0926618081197637, "p95_itl_ms": 10.967543057631701, "p99_itl_ms": 11.464476201217618, "concurrency": 0.999220992959455, "accept_length": null, "max_output_tokens_per_s": 175.0, "max_concurrent_requests": 3}
