{"tag": null, "backend": "vllm", "dataset_name": "autobench", "request_rate": Infinity, "max_concurrency": 16, "sharegpt_output_len": null, "random_input_len": 1024, "random_output_len": 1024, "random_range_ratio": 0.0, "server_info": null, "duration": 118.43131985201035, "completed": 2000, "total_input_tokens": 1077675, "total_input_text_tokens": 1077675, "total_input_vision_tokens": 0, "total_output_tokens": 256000, "total_output_tokens_retokenized": 223329, "request_throughput": 16.887424732741003, "input_throughput": 9099.577724428329, "output_throughput": 2161.5903657908484, "total_throughput": 11261.168090219178, "mean_e2e_latency_ms": 944.9155260006664, "median_e2e_latency_ms": 941.7115314863622, "std_e2e_latency_ms": 18.269091228686595, "p90_e2e_latency_ms": 966.1545458366163, "p99_e2e_latency_ms": 992.8451630740892, "mean_ttft_ms": 159.51249529694906, "median_ttft_ms": 185.65514497458935, "std_ttft_ms": 62.48837439485506, "p99_ttft_ms": 243.85170263587494, "mean_tpot_ms": 6.184275832312736, "median_tpot_ms": 5.925590110077398, "std_tpot_ms": 0.44571923392146223, "p99_tpot_ms": 7.10699998518804, "mean_itl_ms": 7.0519453602029065, "median_itl_ms": 5.90831896988675, "std_itl_ms": 6.3513879789439285, "p95_itl_ms": 11.894576321355999, "p99_itl_ms": 15.418783976929268, "concurrency": 15.957189824134629, "accept_length": null, "max_output_tokens_per_s": 2102.0, "max_concurrent_requests": 48}
