{"tag": null, "backend": "vllm", "dataset_name": "autobench", "request_rate": Infinity, "max_concurrency": 1, "sharegpt_output_len": null, "random_input_len": 1024, "random_output_len": 1024, "random_range_ratio": 0.0, "server_info": null, "duration": 141.10532255400904, "completed": 200, "total_input_tokens": 431055, "total_input_text_tokens": 431055, "total_input_vision_tokens": 0, "total_output_tokens": 25600, "total_output_tokens_retokenized": 21868, "request_throughput": 1.4173809774145736, "input_throughput": 3054.8457860971953, "output_throughput": 181.42476510906542, "total_throughput": 3236.2705512062603, "mean_e2e_latency_ms": 705.0636534154182, "median_e2e_latency_ms": 704.9352090107277, "std_e2e_latency_ms": 1.068058105818892, "p90_e2e_latency_ms": 706.0277366312221, "p99_e2e_latency_ms": 708.2253635243978, "mean_ttft_ms": 23.71020085993223, "median_ttft_ms": 22.659517009742558, "std_ttft_ms": 2.4089562258314747, "p99_ttft_ms": 29.96921705198473, "mean_tpot_ms": 5.364987815397528, "median_tpot_ms": 5.373903791288162, "std_tpot_ms": 0.017708568374527712, "p99_tpot_ms": 5.384345380341869, "mean_itl_ms": 6.207518449963343, "median_itl_ms": 5.473822937346995, "std_itl_ms": 2.0679159090078367, "p95_itl_ms": 10.92941703973338, "p99_itl_ms": 11.387844115961343, "concurrency": 0.9993438102174357, "accept_length": null, "max_output_tokens_per_s": 183.0, "max_concurrent_requests": 3}
