{"tag": null, "backend": "vllm", "dataset_name": "autobench", "request_rate": Infinity, "max_concurrency": 1, "sharegpt_output_len": null, "random_input_len": 1024, "random_output_len": 1024, "random_range_ratio": 0.0, "server_info": null, "duration": 274.47996289504226, "completed": 400, "total_input_tokens": 53888, "total_input_text_tokens": 53888, "total_input_vision_tokens": 0, "total_output_tokens": 51200, "total_output_tokens_retokenized": 47571, "request_throughput": 1.4573012754047736, "input_throughput": 196.3276278225311, "output_throughput": 186.53456325181102, "total_throughput": 382.8621910743421, "mean_e2e_latency_ms": 685.6144300318556, "median_e2e_latency_ms": 684.6650809748098, "std_e2e_latency_ms": 14.908549254132039, "p90_e2e_latency_ms": 685.4510713950731, "p99_e2e_latency_ms": 687.5835906993598, "mean_ttft_ms": 16.63614468794549, "median_ttft_ms": 14.834572502877563, "std_ttft_ms": 15.23487594010013, "p99_ttft_ms": 21.14263762719929, "mean_tpot_ms": 5.267545553889056, "median_tpot_ms": 5.27459499197022, "std_tpot_ms": 0.02270226754491275, "p99_tpot_ms": 5.2839790777886275, "mean_itl_ms": 5.641646675733867, "median_itl_ms": 5.307611951138824, "std_itl_ms": 1.411524293015317, "p95_itl_ms": 10.327868827152999, "p99_itl_ms": 10.95133341383189, "concurrency": 0.99914678332134, "accept_length": null, "max_output_tokens_per_s": 188.0, "max_concurrent_requests": 3}
