{"tag": null, "backend": "vllm", "dataset_name": "autobench", "request_rate": Infinity, "max_concurrency": 16, "sharegpt_output_len": null, "random_input_len": 1024, "random_output_len": 1024, "random_range_ratio": 0.0, "server_info": null, "duration": 203.35748906095978, "completed": 1000, "total_input_tokens": 538823, "total_input_text_tokens": 538823, "total_input_vision_tokens": 0, "total_output_tokens": 512000, "total_output_tokens_retokenized": 419165, "request_throughput": 4.917448600578626, "input_throughput": 2649.6344073095775, "output_throughput": 2517.7336834962566, "total_throughput": 5167.368090805834, "mean_e2e_latency_ms": 3227.344243830885, "median_e2e_latency_ms": 3229.314526950475, "std_e2e_latency_ms": 22.121314888736503, "p90_e2e_latency_ms": 3238.351367006544, "p99_e2e_latency_ms": 3246.192431646632, "mean_ttft_ms": 151.05973387765698, "median_ttft_ms": 184.78626501746476, "std_ttft_ms": 57.77007727607753, "p99_ttft_ms": 226.39204468694516, "mean_tpot_ms": 6.020126242569917, "median_tpot_ms": 5.951864848441013, "std_tpot_ms": 0.10916011955249787, "p99_tpot_ms": 6.214930990354547, "mean_itl_ms": 6.894259911780567, "median_itl_ms": 5.9941679937765, "std_itl_ms": 3.689132056742166, "p95_itl_ms": 12.020091456361111, "p99_itl_ms": 12.749008876271542, "concurrency": 15.87029943541167, "accept_length": null, "max_output_tokens_per_s": 2664.0, "max_concurrent_requests": 32}
