{"tag": null, "backend": "vllm", "dataset_name": "autobench", "request_rate": Infinity, "max_concurrency": 16, "sharegpt_output_len": null, "random_input_len": 1024, "random_output_len": 1024, "random_range_ratio": 0.0, "server_info": null, "duration": 203.30066636495758, "completed": 1000, "total_input_tokens": 538823, "total_input_text_tokens": 538823, "total_input_vision_tokens": 0, "total_output_tokens": 512000, "total_output_tokens_retokenized": 420504, "request_throughput": 4.918823031326608, "input_throughput": 2650.374982208497, "output_throughput": 2518.437392039223, "total_throughput": 5168.81237424772, "mean_e2e_latency_ms": 3226.7782751173945, "median_e2e_latency_ms": 3217.6401439355686, "std_e2e_latency_ms": 45.43078389548033, "p90_e2e_latency_ms": 3239.832801290322, "p99_e2e_latency_ms": 3466.019802906085, "mean_ttft_ms": 156.2208016566001, "median_ttft_ms": 191.33236800553277, "std_ttft_ms": 59.52610594266484, "p99_ttft_ms": 233.38521700934507, "mean_tpot_ms": 6.008918734756936, "median_tpot_ms": 5.93568076909959, "std_tpot_ms": 0.13120850039547158, "p99_tpot_ms": 6.329374778327767, "mean_itl_ms": 6.89609515467421, "median_itl_ms": 5.994552979245782, "std_itl_ms": 3.867883502411145, "p95_itl_ms": 12.02238779515028, "p99_itl_ms": 12.906602988950912, "concurrency": 15.871951296631785, "accept_length": null, "max_output_tokens_per_s": 2666.0, "max_concurrent_requests": 32}
