{"tag": null, "backend": "vllm", "dataset_name": "autobench", "request_rate": Infinity, "max_concurrency": 16, "sharegpt_output_len": null, "random_input_len": 1024, "random_output_len": 1024, "random_range_ratio": 0.0, "server_info": null, "duration": 202.53089499205817, "completed": 1000, "total_input_tokens": 538823, "total_input_text_tokens": 538823, "total_input_vision_tokens": 0, "total_output_tokens": 512000, "total_output_tokens_retokenized": 419780, "request_throughput": 4.9375182983278325, "input_throughput": 2660.448422059898, "output_throughput": 2528.0093687438502, "total_throughput": 5188.457790803748, "mean_e2e_latency_ms": 3215.1367256010417, "median_e2e_latency_ms": 3210.9577965456992, "std_e2e_latency_ms": 29.420192615143627, "p90_e2e_latency_ms": 3224.4031493435614, "p99_e2e_latency_ms": 3317.27131580119, "mean_ttft_ms": 136.66433818335645, "median_ttft_ms": 167.21318801864982, "std_ttft_ms": 62.64304006072655, "p99_ttft_ms": 267.96490192296915, "mean_tpot_ms": 6.024407803165724, "median_tpot_ms": 5.949564523486432, "std_tpot_ms": 0.11346867459370062, "p99_tpot_ms": 6.225941963594065, "mean_itl_ms": 6.896378094567435, "median_itl_ms": 5.995895015075803, "std_itl_ms": 3.8319044486737344, "p95_itl_ms": 12.020070606376976, "p99_itl_ms": 12.8535383194685, "concurrency": 15.874796414280976, "accept_length": null, "max_output_tokens_per_s": 2660.0, "max_concurrent_requests": 32}
