{"tag": null, "backend": "vllm", "dataset_name": "autobench", "request_rate": Infinity, "max_concurrency": 1, "sharegpt_output_len": null, "random_input_len": 1024, "random_output_len": 1024, "random_range_ratio": 0.0, "server_info": null, "duration": 274.0497738739941, "completed": 400, "total_input_tokens": 53888, "total_input_text_tokens": 53888, "total_input_vision_tokens": 0, "total_output_tokens": 51200, "total_output_tokens_retokenized": 47693, "request_throughput": 1.4595888708301463, "input_throughput": 196.6358126782373, "output_throughput": 186.82737546625873, "total_throughput": 383.46318814449603, "mean_e2e_latency_ms": 684.4164520758204, "median_e2e_latency_ms": 683.9002590859309, "std_e2e_latency_ms": 2.7203481043256894, "p90_e2e_latency_ms": 685.2793187601492, "p99_e2e_latency_ms": 697.939216461964, "mean_ttft_ms": 15.239954858843703, "median_ttft_ms": 14.058752974960953, "std_ttft_ms": 3.077461156780772, "p99_ttft_ms": 28.88834116165525, "mean_tpot_ms": 5.269106277299029, "median_tpot_ms": 5.274167980111431, "std_tpot_ms": 0.0161146671113346, "p99_tpot_ms": 5.29390240805847, "mean_itl_ms": 5.641392397904905, "median_itl_ms": 5.308896070346236, "std_itl_ms": 1.4442331782571514, "p95_itl_ms": 10.33153194002807, "p99_itl_ms": 10.989703084342182, "concurrency": 0.9989666364629216, "accept_length": null, "max_output_tokens_per_s": 189.0, "max_concurrent_requests": 3}
