{"tag": null, "backend": "vllm", "dataset_name": "autobench", "request_rate": Infinity, "max_concurrency": 1, "sharegpt_output_len": null, "random_input_len": 1024, "random_output_len": 1024, "random_range_ratio": 0.0, "server_info": null, "duration": 141.63324104296044, "completed": 200, "total_input_tokens": 431055, "total_input_text_tokens": 431055, "total_input_vision_tokens": 0, "total_output_tokens": 25600, "total_output_tokens_retokenized": 21868, "request_throughput": 1.412097884135375, "input_throughput": 3043.4592672298704, "output_throughput": 180.748529169328, "total_throughput": 3224.2077963991987, "mean_e2e_latency_ms": 707.4029386730399, "median_e2e_latency_ms": 705.6341145071201, "std_e2e_latency_ms": 6.208490483899533, "p90_e2e_latency_ms": 709.9294194136746, "p99_e2e_latency_ms": 736.1439686035736, "mean_ttft_ms": 25.830501129385084, "median_ttft_ms": 24.054170993622392, "std_ttft_ms": 5.412946800244296, "p99_ttft_ms": 48.31340895965691, "mean_tpot_ms": 5.366712106642952, "median_tpot_ms": 5.372414988278609, "std_tpot_ms": 0.021574782821499734, "p99_tpot_ms": 5.428353535189242, "mean_itl_ms": 6.214016163896981, "median_itl_ms": 5.468613002449274, "std_itl_ms": 2.2213652061607525, "p95_itl_ms": 10.946106119081378, "p99_itl_ms": 11.440622315276414, "concurrency": 0.9989221929313462, "accept_length": null, "max_output_tokens_per_s": 183.0, "max_concurrent_requests": 3}
