{
  "candidate": "A2_fcfs",
  "rep": 1,
  "elapsed_s": 300.5,
  "dataset_sha256": "fab4917772e087447d7c33d53ada63340b126088c1f195f118b9488d5f5b619e",
  "dataset_path": "/data/profiling_lab/datasets/caseA_short.jsonl",
  "timestamp": "2026-04-24T11:23:57.990042+00:00",
  "metrics": {
    "ttft_p50_ms": 57.49149445910007,
    "ttft_p99_ms": 71.30866178544235,
    "ttft_std_ms": 3.968191641986745,
    "tpot_p50_ms": 5.286419322332881,
    "output_throughput": 175.70188491575453,
    "request_throughput": 1.3726709759043323
  }
}