{
  "case": "caseC_batched",
  "variant": "V2_warmup300",
  "rep": 4,
  "warmup": 300,
  "bench_n": 4000,
  "concurrency": 16,
  "elapsed_s": 172.4,
  "dataset_sha256": "265bde3e4879307702814e6e12faa1ef1543735575108c4abeb7d1fb3b750921",
  "timestamp": "2026-04-24T13:37:52.386213+00:00",
  "metrics": {
    "ttft_p50_ms": 230.54476513061672,
    "ttft_p99_ms": 274.9788378318772,
    "ttft_std_ms": 54.99389993630809,
    "ttft_mean_ms": 218.96277348855511,
    "tpot_p50_ms": 6.359029551197987,
    "output_throughput": 1984.458907939768,
    "request_throughput": 15.503585218279438
  }
}