{
  "case": "caseC_batched",
  "variant": "V2_warmup300",
  "rep": 2,
  "warmup": 300,
  "bench_n": 4000,
  "concurrency": 16,
  "elapsed_s": 173.6,
  "dataset_sha256": "265bde3e4879307702814e6e12faa1ef1543735575108c4abeb7d1fb3b750921",
  "timestamp": "2026-04-24T13:32:07.757233+00:00",
  "metrics": {
    "ttft_p50_ms": 242.10837006103247,
    "ttft_p99_ms": 439.19589492259547,
    "ttft_std_ms": 58.32116158052212,
    "ttft_mean_ms": 219.26366296922788,
    "tpot_p50_ms": 6.021304614291944,
    "output_throughput": 1982.5151621151222,
    "request_throughput": 15.488399704024392
  }
}