{"tag": null, "backend": "vllm", "dataset_name": "autobench", "request_rate": Infinity, "max_concurrency": 1, "sharegpt_output_len": null, "random_input_len": 1024, "random_output_len": 1024, "random_range_ratio": 0.0, "server_info": null, "duration": 143.62640796112828, "completed": 200, "total_input_tokens": 431055, "total_input_text_tokens": 431055, "total_input_vision_tokens": 0, "total_output_tokens": 25600, "total_output_tokens_retokenized": 21868, "request_throughput": 1.3925015798914147, "input_throughput": 3001.2238426004687, "output_throughput": 178.24020222610108, "total_throughput": 3179.46404482657, "mean_e2e_latency_ms": 717.5539746193681, "median_e2e_latency_ms": 717.3173809424043, "std_e2e_latency_ms": 1.4331984701079838, "p90_e2e_latency_ms": 719.3948355969042, "p99_e2e_latency_ms": 721.8928904482163, "mean_ttft_ms": 25.31164043932222, "median_ttft_ms": 24.232910596765578, "std_ttft_ms": 2.691045914029521, "p99_ttft_ms": 31.048246561549593, "mean_tpot_ms": 5.450727040787763, "median_tpot_ms": 5.459829740497598, "std_tpot_ms": 0.017623706181890905, "p99_tpot_ms": 5.470251999025446, "mean_itl_ms": 6.306642380970558, "median_itl_ms": 5.560679128393531, "std_itl_ms": 2.1044058430625903, "p95_itl_ms": 11.112303589470685, "p99_itl_ms": 11.574750370346012, "concurrency": 0.9991950433148342, "accept_length": null, "max_output_tokens_per_s": 180.0, "max_concurrent_requests": 3}
