{"tag": null, "backend": "vllm", "dataset_name": "autobench", "request_rate": Infinity, "max_concurrency": 1, "sharegpt_output_len": null, "random_input_len": 1024, "random_output_len": 1024, "random_range_ratio": 0.0, "server_info": null, "duration": 143.5792095179204, "completed": 200, "total_input_tokens": 431055, "total_input_text_tokens": 431055, "total_input_vision_tokens": 0, "total_output_tokens": 25600, "total_output_tokens_retokenized": 21868, "request_throughput": 1.392959333538033, "input_throughput": 3002.2104275911843, "output_throughput": 178.29879469286823, "total_throughput": 3180.5092222840526, "mean_e2e_latency_ms": 717.3177448357455, "median_e2e_latency_ms": 717.1137579716742, "std_e2e_latency_ms": 1.2783143181471854, "p90_e2e_latency_ms": 719.1019109915942, "p99_e2e_latency_ms": 720.8321087132208, "mean_ttft_ms": 24.999675962608308, "median_ttft_ms": 23.877345025539398, "std_ttft_ms": 2.6533386126469014, "p99_ttft_ms": 31.356020995881405, "mean_tpot_ms": 5.4513233769538365, "median_tpot_ms": 5.460269775747607, "std_tpot_ms": 0.018234810278928468, "p99_tpot_ms": 5.470449333684152, "mean_itl_ms": 6.30746171452169, "median_itl_ms": 5.55972196161747, "std_itl_ms": 2.100548578189155, "p95_itl_ms": 11.100926552899182, "p99_itl_ms": 11.581478989683092, "concurrency": 0.999194447781405, "accept_length": null, "max_output_tokens_per_s": 180.0, "max_concurrent_requests": 3}
