{"tag": null, "backend": "vllm", "dataset_name": "autobench", "request_rate": Infinity, "max_concurrency": 1, "sharegpt_output_len": null, "random_input_len": 1024, "random_output_len": 1024, "random_range_ratio": 0.0, "server_info": null, "duration": 143.63742051413283, "completed": 200, "total_input_tokens": 431055, "total_input_text_tokens": 431055, "total_input_vision_tokens": 0, "total_output_tokens": 25600, "total_output_tokens_retokenized": 21868, "request_throughput": 1.392394818036443, "input_throughput": 3000.9937414434944, "output_throughput": 178.2265367086647, "total_throughput": 3179.220278152159, "mean_e2e_latency_ms": 717.6079315785319, "median_e2e_latency_ms": 717.4640165176243, "std_e2e_latency_ms": 1.455970915274061, "p90_e2e_latency_ms": 719.5327668916434, "p99_e2e_latency_ms": 721.6800220008008, "mean_ttft_ms": 25.347584510454908, "median_ttft_ms": 24.31825501844287, "std_ttft_ms": 2.8676589339781673, "p99_ttft_ms": 32.53455073572693, "mean_tpot_ms": 5.450868874551787, "median_tpot_ms": 5.459765388490999, "std_tpot_ms": 0.017837578547891166, "p99_tpot_ms": 5.470090984315501, "mean_itl_ms": 6.306979345005459, "median_itl_ms": 5.560213001444936, "std_itl_ms": 2.1180130901187497, "p95_itl_ms": 11.116059962660074, "p99_itl_ms": 11.562565062195064, "concurrency": 0.999193565311798, "accept_length": null, "max_output_tokens_per_s": 180.0, "max_concurrent_requests": 3}
