{"tag": null, "backend": "vllm", "dataset_name": "autobench", "request_rate": Infinity, "max_concurrency": 16, "sharegpt_output_len": null, "random_input_len": 1024, "random_output_len": 1024, "random_range_ratio": 0.0, "server_info": null, "duration": 113.83641578210518, "completed": 2000, "total_input_tokens": 1077675, "total_input_text_tokens": 1077675, "total_input_vision_tokens": 0, "total_output_tokens": 256000, "total_output_tokens_retokenized": 223012, "request_throughput": 17.569070374002372, "input_throughput": 9466.873957651502, "output_throughput": 2248.8410078723036, "total_throughput": 11715.714965523806, "mean_e2e_latency_ms": 908.9033514410257, "median_e2e_latency_ms": 908.7455335538834, "std_e2e_latency_ms": 8.763347018929796, "p90_e2e_latency_ms": 918.651629681699, "p99_e2e_latency_ms": 932.2161050443538, "mean_ttft_ms": 151.89319511700887, "median_ttft_ms": 185.4724830482155, "std_ttft_ms": 58.07448814443927, "p99_ttft_ms": 206.3258080254309, "mean_tpot_ms": 5.960709892315093, "median_tpot_ms": 5.688226548038189, "std_tpot_ms": 0.45161786093883954, "p99_tpot_ms": 6.860261915735608, "mean_itl_ms": 6.796573095242336, "median_itl_ms": 5.718241562135518, "std_itl_ms": 6.496804659523557, "p95_itl_ms": 11.494576546829194, "p99_itl_ms": 12.831166980322465, "concurrency": 15.96858694463399, "accept_length": null, "max_output_tokens_per_s": 2216.0, "max_concurrent_requests": 48}
