{"tag": null, "backend": "vllm", "dataset_name": "autobench", "request_rate": Infinity, "max_concurrency": 16, "sharegpt_output_len": null, "random_input_len": 1024, "random_output_len": 1024, "random_range_ratio": 0.0, "server_info": null, "duration": 113.58665641397238, "completed": 2000, "total_input_tokens": 1077675, "total_input_text_tokens": 1077675, "total_input_vision_tokens": 0, "total_output_tokens": 256000, "total_output_tokens_retokenized": 223496, "request_throughput": 17.60770202365054, "input_throughput": 9487.690139168797, "output_throughput": 2253.785859027269, "total_throughput": 11741.475998196067, "mean_e2e_latency_ms": 907.1039628305007, "median_e2e_latency_ms": 906.651081983, "std_e2e_latency_ms": 8.587117457271452, "p90_e2e_latency_ms": 912.9078836645931, "p99_e2e_latency_ms": 942.1804356365465, "mean_ttft_ms": 144.24900382664055, "median_ttft_ms": 180.86503399536014, "std_ttft_ms": 60.299235778369926, "p99_ttft_ms": 219.99015721026808, "mean_tpot_ms": 6.006731960660316, "median_tpot_ms": 5.706104428844717, "std_tpot_ms": 0.46496646027271443, "p99_tpot_ms": 6.876370828217409, "mean_itl_ms": 6.843202018425693, "median_itl_ms": 5.7285199873149395, "std_itl_ms": 6.483190777175296, "p95_itl_ms": 11.542175663635135, "p99_itl_ms": 14.32328533381221, "concurrency": 15.972016281992031, "accept_length": null, "max_output_tokens_per_s": 2248.0, "max_concurrent_requests": 47}
