{"tag": null, "backend": "vllm", "dataset_name": "autobench", "request_rate": Infinity, "max_concurrency": 1, "sharegpt_output_len": null, "random_input_len": 1024, "random_output_len": 1024, "random_range_ratio": 0.0, "server_info": null, "duration": 139.71384229999967, "completed": 200, "total_input_tokens": 431055, "total_input_text_tokens": 431055, "total_input_vision_tokens": 0, "total_output_tokens": 25600, "total_output_tokens_retokenized": 21868, "request_throughput": 1.431497385710367, "input_throughput": 3085.270527986911, "output_throughput": 183.23166537092698, "total_throughput": 3268.5021933578378, "mean_e2e_latency_ms": 697.8838510334026, "median_e2e_latency_ms": 693.0416554678231, "std_e2e_latency_ms": 20.50019032430473, "p90_e2e_latency_ms": 698.426263872534, "p99_e2e_latency_ms": 787.0526195433919, "mean_ttft_ms": 25.183544215979055, "median_ttft_ms": 24.270642083138227, "std_ttft_ms": 2.781911858683547, "p99_ttft_ms": 31.710418863222, "mean_tpot_ms": 5.296852809586012, "median_tpot_ms": 5.27006123255293, "std_tpot_ms": 0.15918204726419166, "p99_tpot_ms": 5.996305313177667, "mean_itl_ms": 6.129048170806488, "median_itl_ms": 5.368582205846906, "std_itl_ms": 2.095945371764275, "p95_itl_ms": 10.760027123615146, "p99_itl_ms": 11.540181133896116, "concurrency": 0.9990189082837989, "accept_length": null, "max_output_tokens_per_s": 187.0, "max_concurrent_requests": 3}
