{"tag": null, "backend": "vllm", "dataset_name": "autobench", "request_rate": Infinity, "max_concurrency": 16, "sharegpt_output_len": null, "random_input_len": 1024, "random_output_len": 1024, "random_range_ratio": 0.0, "server_info": null, "duration": 115.21639250498265, "completed": 2000, "total_input_tokens": 1077675, "total_input_text_tokens": 1077675, "total_input_vision_tokens": 0, "total_output_tokens": 256000, "total_output_tokens_retokenized": 223219, "request_throughput": 17.35864104505362, "input_throughput": 9353.48674411408, "output_throughput": 2221.9060537668634, "total_throughput": 11575.392797880942, "mean_e2e_latency_ms": 919.0075811034767, "median_e2e_latency_ms": 913.9637635089457, "std_e2e_latency_ms": 18.01121273654686, "p90_e2e_latency_ms": 942.7610591053963, "p99_e2e_latency_ms": 949.3777572037652, "mean_ttft_ms": 156.45299430924933, "median_ttft_ms": 174.34444092214108, "std_ttft_ms": 63.27295761966417, "p99_ttft_ms": 230.57858970947564, "mean_tpot_ms": 6.004366825151396, "median_tpot_ms": 5.7921630585214166, "std_tpot_ms": 0.4188513969359316, "p99_tpot_ms": 6.876940505476448, "mean_itl_ms": 6.83699013213709, "median_itl_ms": 5.738173495046794, "std_itl_ms": 5.800403301503996, "p95_itl_ms": 11.581833939999342, "p99_itl_ms": 16.33798680268228, "concurrency": 15.952722718058252, "accept_length": null, "max_output_tokens_per_s": 2223.0, "max_concurrent_requests": 47}
