{"tag": null, "backend": "vllm", "dataset_name": "autobench", "request_rate": Infinity, "max_concurrency": 16, "sharegpt_output_len": null, "random_input_len": 1024, "random_output_len": 1024, "random_range_ratio": 0.0, "server_info": null, "duration": 113.91128021804616, "completed": 2000, "total_input_tokens": 1077675, "total_input_text_tokens": 1077675, "total_input_vision_tokens": 0, "total_output_tokens": 256000, "total_output_tokens_retokenized": 223322, "request_throughput": 17.557523681339102, "input_throughput": 9460.65216664356, "output_throughput": 2247.363031211405, "total_throughput": 11708.015197854964, "mean_e2e_latency_ms": 909.5227162704105, "median_e2e_latency_ms": 908.1866890192032, "std_e2e_latency_ms": 9.135346380580389, "p90_e2e_latency_ms": 914.0085220336914, "p99_e2e_latency_ms": 942.7943366323598, "mean_ttft_ms": 147.6092342772754, "median_ttft_ms": 183.6801809258759, "std_ttft_ms": 61.73177342842789, "p99_ttft_ms": 219.06836832873523, "mean_tpot_ms": 5.999318755851457, "median_tpot_ms": 5.700740751473043, "std_tpot_ms": 0.47135092440161797, "p99_tpot_ms": 6.8807978895639526, "mean_itl_ms": 6.837647574095951, "median_itl_ms": 5.727847572416067, "std_itl_ms": 6.446159638656151, "p95_itl_ms": 11.5333208697848, "p99_itl_ms": 13.43512487364927, "concurrency": 15.968966629633599, "accept_length": null, "max_output_tokens_per_s": 2203.0, "max_concurrent_requests": 47}
