{"tag": null, "backend": "vllm", "dataset_name": "autobench", "request_rate": Infinity, "max_concurrency": 1, "sharegpt_output_len": null, "random_input_len": 1024, "random_output_len": 1024, "random_range_ratio": 0.0, "server_info": null, "duration": 152.0964421699755, "completed": 200, "total_input_tokens": 431055, "total_input_text_tokens": 431055, "total_input_vision_tokens": 0, "total_output_tokens": 25600, "total_output_tokens_retokenized": 21738, "request_throughput": 1.3149551504728154, "input_throughput": 2834.089961935297, "output_throughput": 168.31425926052037, "total_throughput": 3002.4042211958176, "mean_e2e_latency_ms": 759.885434131138, "median_e2e_latency_ms": 759.6627719467506, "std_e2e_latency_ms": 3.153552100486482, "p90_e2e_latency_ms": 762.1421355055645, "p99_e2e_latency_ms": 765.6991998665035, "mean_ttft_ms": 65.8198463905137, "median_ttft_ms": 65.41197246406227, "std_ttft_ms": 3.702803429717776, "p99_ttft_ms": 72.06782326335087, "mean_tpot_ms": 5.465083368036412, "median_tpot_ms": 5.473822098606684, "std_tpot_ms": 0.018152938144740102, "p99_tpot_ms": 5.487600183407739, "mean_itl_ms": 6.330484830789119, "median_itl_ms": 5.577610107138753, "std_itl_ms": 2.0633588666114178, "p95_itl_ms": 11.13430350087583, "p99_itl_ms": 11.59324562177062, "concurrency": 0.9992152653800114, "accept_length": null, "max_output_tokens_per_s": 173.0, "max_concurrent_requests": 3}
