{"tag": null, "backend": "vllm", "dataset_name": "autobench", "request_rate": Infinity, "max_concurrency": 16, "sharegpt_output_len": null, "random_input_len": 1024, "random_output_len": 1024, "random_range_ratio": 0.0, "server_info": null, "duration": 114.33140883501619, "completed": 2000, "total_input_tokens": 1077675, "total_input_text_tokens": 1077675, "total_input_vision_tokens": 0, "total_output_tokens": 256000, "total_output_tokens_retokenized": 223147, "request_throughput": 17.493005818602853, "input_throughput": 9425.887522781415, "output_throughput": 2239.104744781165, "total_throughput": 11664.99226756258, "mean_e2e_latency_ms": 912.5757606844418, "median_e2e_latency_ms": 908.4800869459286, "std_e2e_latency_ms": 14.141854484786547, "p90_e2e_latency_ms": 935.4217034298928, "p99_e2e_latency_ms": 945.9639438800514, "mean_ttft_ms": 138.05260790523607, "median_ttft_ms": 160.98580497782677, "std_ttft_ms": 59.34868015204901, "p99_ttft_ms": 229.43141834810376, "mean_tpot_ms": 6.09860750219847, "median_tpot_ms": 5.847117499683023, "std_tpot_ms": 0.42998167303689083, "p99_tpot_ms": 6.841104613932392, "mean_itl_ms": 6.947791861274907, "median_itl_ms": 5.739961983636022, "std_itl_ms": 6.347588577848119, "p95_itl_ms": 11.656793067231774, "p99_itl_ms": 17.610535956919197, "concurrency": 15.963693091568866, "accept_length": null, "max_output_tokens_per_s": 2205.0, "max_concurrent_requests": 46}
